# Observed 2026-09-08; inventory only, NOT a reproducible install lock.
name	version	build
_openmp_mutex	4.5	20_gnu
absl-py	2.5.0	pypi_0
accelerate	1.14.0	pypi_0
adapters	1.0.1	pypi_0
aiohappyeyeballs	2.7.1	pypi_0
aiohttp	3.14.3	pypi_0
aiosignal	1.4.0	pypi_0
annotated-types	0.8.0	pypi_0
asttokens	3.0.2	pypi_0
async-timeout	5.0.1	pypi_0
attrs	26.1.0	pypi_0
beautifulsoup4	4.15.0	pypi_0
biopython	1.88	pypi_0
biotite	0.41.2	pypi_0
brotli	1.2.0	pypi_0
bzip2	1.0.8	hda65f42_10
ca-certificates	2026.7.22	hbd8a1cb_0
certifi	2026.7.22	pypi_0
charset-normalizer	3.5.1	pypi_0
click	8.5.0	pypi_0
cloudpathlib	0.25.0	pypi_0
coloredlogs	15.0.1	pypi_0
cycler	0.12.1	pypi_0
decorator	5.3.1	pypi_0
dgl	2.1.0	pypi_0
docutils	0.17.1	pypi_0
einops	0.8.2	pypi_0
et-xmlfile	2.0.0	pypi_0
exceptiongroup	1.3.1	pypi_0
executing	2.2.1	pypi_0
fair-esm	2.0.0	pypi_0
filelock	3.32.3	pypi_0
flatbuffers	25.12.19	pypi_0
frozenlist	1.8.0	pypi_0
fsspec	2024.12.0	pypi_0
gdown	6.1.0	pypi_0
gemmi	0.7.5	pypi_0
h5py	3.16.0	pypi_0
hf-xet	1.6.0	pypi_0
huggingface-hub	0.36.2	pypi_0
humanfriendly	10.0	pypi_0
icu	78.3	py310h44b86e0_2
idna	3.19	pypi_0
ifeatureomegacli	1.0.2	pypi_0
ipython	8.39.0	pypi_0
jedi	0.20.0	pypi_0
jinja2	3.1.6	pypi_0
joblib	1.5.3	pypi_0
kiwisolver	1.5.0	pypi_0
ld_impl_linux-64	2.46.1	default_hbd61a6d_102
libexpat	2.8.1	hecca717_1
libffi	3.7.0	h81df57d_1
libgcc	16.2.0	ha9f2e26_4
libgomp	16.2.0	he0feb66_4
liblzma	5.8.3	hb03c661_1
libnsl	2.0.1	hb9d3cd8_1
libsqlite	3.53.4	h13e7031_1
libstdcxx	16.2.0	h934c35e_4
libuuid	2.42.2	h5347b49_0
libxcrypt	4.4.38	h280c20c_0
libzlib	1.3.2	h25fd6f3_3
lightning	2.1.4	pypi_0
lightning-utilities	0.15.3	pypi_0
markupsafe	3.0.3	pypi_0
matplotlib	3.4.3	pypi_0
matplotlib-inline	0.2.2	pypi_0
ml-collections	1.1.0	pypi_0
mmcif-pdbx	2.1.0	pypi_0
mpmath	1.3.0	pypi_0
msgpack	1.2.2	pypi_0
msgpack-numpy	0.4.8	pypi_0
multidict	6.7.1	pypi_0
ncurses	6.6	hdb14827_1
networkx	3.4.2	pypi_0
numpy	1.26.4	pypi_0
nvidia-cublas-cu11	11.11.3.6	pypi_0
nvidia-cuda-cupti-cu11	11.8.87	pypi_0
nvidia-cuda-nvrtc-cu11	11.8.89	pypi_0
nvidia-cuda-runtime-cu11	11.8.89	pypi_0
nvidia-cudnn-cu11	9.1.0.70	pypi_0
nvidia-cufft-cu11	10.9.0.58	pypi_0
nvidia-curand-cu11	10.3.0.86	pypi_0
nvidia-cusolver-cu11	11.4.1.48	pypi_0
nvidia-cusparse-cu11	11.7.5.86	pypi_0
nvidia-nccl-cu11	2.21.5	pypi_0
nvidia-nvtx-cu11	11.8.86	pypi_0
onnxruntime	1.23.2	pypi_0
openpyxl	3.1.5	pypi_0
openssl	3.6.4	h781a0a9_0
opentelemetry-api	1.44.0	pypi_0
packaging	24.2	pypi_0
pandas	2.3.3	pypi_0
parso	0.8.7	pypi_0
pdb2pqr	3.6.2	pypi_0
peft	0.17.1	pypi_0
pexpect	4.9.0	pypi_0
pillow	12.3.0	pypi_0
pip	26.2.1	pyh8b19718_0
platformdirs	4.11.4	pypi_0
plyfile	1.1	pypi_0
polars	1.27.1	pypi_0
prompt-toolkit	3.0.53	pypi_0
propcache	0.5.2	pypi_0
propka	3.5.1	pypi_0
prowet-toolkit	0.1.0	pypi_0
protobuf	7.36.0	pypi_0
psutil	7.2.2	pypi_0
ptyprocess	0.7.0	pypi_0
pure-eval	0.2.3	pypi_0
pydantic	2.13.4	pypi_0
pydantic-core	2.46.4	pypi_0
pyg-lib	0.4.0+pt25cu118	pypi_0
pygments	2.21.0	pypi_0
pyparsing	3.3.2	pypi_0
pysocks	1.7.1	pypi_0
python	3.10.21	h267e890_0_cpython
python-dateutil	2.9.0.post0	pypi_0
pytorch-lightning	2.6.5	pypi_0
pytz	2026.3.post1	pypi_0
pyyaml	6.0.3	pypi_0
rdkit	2026.3.5	pypi_0
readline	8.3	hd6e31c0_1
regex	2026.7.19	pypi_0
requests	2.34.2	pypi_0
rp3net	0.0.2	pypi_0
safetensors	0.8.0	pypi_0
scikit-learn	1.7.2	pypi_0
scipy	1.15.3	pypi_0
sentencepiece	0.2.2	pypi_0
sentry-sdk	2.68.1	pypi_0
setuptools	80.10.2	pypi_0
six	1.17.0	pypi_0
soupsieve	2.9.2	pypi_0
stack-data	0.6.3	pypi_0
sympy	1.13.1	pypi_0
tenacity	9.1.4	pypi_0
threadpoolctl	3.6.0	pypi_0
tk	8.6.13	noxft_h1df4ec4_4
tokenizers	0.20.3	pypi_0
torch	2.5.1+cu118	pypi_0
torch-cluster	1.6.3+pt25cu118	pypi_0
torch-geometric	2.5.3	pypi_0
torch-scatter	2.1.2+pt25cu118	pypi_0
torch-sparse	0.6.18+pt25cu118	pypi_0
torch-spline-conv	1.2.2+pt25cu118	pypi_0
torchdata	0.8.0	pypi_0
torchmetrics	1.9.0	pypi_0
tqdm	4.70.0	pypi_0
traitlets	5.16.1	pypi_0
transformers	4.46.3	pypi_0
triton	3.1.0	pypi_0
typing-extensions	4.16.0	pypi_0
typing-inspection	0.4.4	pypi_0
tzdata	2026.3	pypi_0
urllib3	2.7.0	pypi_0
wandb	0.28.2	pypi_0
wcwidth	0.8.3	pypi_0
wheel	0.48.0	pyhd8ed1ab_0
yarl	1.24.5	pypi_0
zstd	1.5.7.2	pypi_0
